Topic_1,Topic_2,Topic_3,Topic_4,Topic_5,Topic_6,Topic_7,Topic_8,Topic_9,Topic_10,Topic_11,Topic_12,Topic_13,Topic_14,Topic_15,Topic_16,Topic_17,Topic_18,Topic_19,Topic_20
gesellschaft,glück,kulturwesen,frage,philosophie,metaphysik,mensch,freiheit,leben,artenvielfalt,gott,religion,kulturphilosophie,tod,grundfrage,methode,reflexionsbereich,mensch,ethik,ethik
geschichte,leben,element,themenbereich,geschichte,norm,position,verantwortung,form,ökologisch,freiheit,religiös,sprachphilosophie,frage,philosophie,wissenschaftlich,problem,philosophisch,moralisch,handeln
metaphysik,phänomen,zentral,mensch,ethik,frage,frage,ethik,vielfalt,führen,kommunikation,weltanschauung,philosophie,auseinandersetzung,philosophisch,wissenschaft,theorie,freiheit,interpretieren,utopie
erkenntnistheorie,these,wesentlich,philosophisch,natur,gesellschaft,mindestens,mensch,ethisch,bezüglich,rev,mensch,erfahrung,philosophisch,themenblock,argumentieren,philosophie,ethik,problem,rahmenthema
sprachphilosophie,erarbeitung,wesen,erkenntnistheorie,mensch,ethik,insgesamt,allgemein,wandel,abschließend,eth,glaube,geschichtsphilosophie,ziel,modern,exemplarisch,philosophisch,philosophie,gerechtigkeit,ethisch
lebenskunst,kant,denkmodell,ethisch,hinweiseaspektebeispiele,lebenskunst,philosophie,themenfelder,inhalt,künstliche,ökologie,gesellschaft,kultur,verschieden,mensch,argumentation,menschlich,religionsunterricht,problematisieren,philosophisch
reflexionsbereich,normativ,intelligenz,reflexion,kulturphilosophie,reflexionsbereich,kultur,grundlegend,grundlegend,neuzeit,evolution,vernunft,erkenntnistheorie,kritisch,erkenntnis,erkenntnistheoretisch,erkenntnistheoretisch,möglichkeit,verhalten,sozial
ethik,grenze,differenzieren,ethik,kunst,geschichte,tier,ethisch,gesellschaft,diskussion,nichtnaturwissenschaftlich,perspektive,ethik,unterschiedlich,verbindlich,erkenntnis,verknüpfung,entwickeln,fundamentalismus,religion
auseinandersetzung,tod,argumentativ,einbeziehen,wissenschaftstheorie,subjekt,menschlich,argumentieren,finden,leben,abgrenz,religionskritik,form,mensch,jahrhundert,zugang,verbindlich,selbstverständnis,voraussetzung,psychologie
leistungskurs,hintergrund,verhältnis,weltanschauung,möglichkeit,auseinandersetzung,bestimmung,themenfeld,ermöglichen,medium,homologe,platon,literatur,fähigkeit,natur,bedeutung,metaphysisch,handeln,ökologisch,reflexionsbereich
zusätzlich,moderne,mensch,erkenntnistheoretisch,geschichtsphilosophie,erkenntnistheorie,natur,perspektive,biologisch,exemplarisch,dnasequenz,staat,unterschiedlich,inhaltlich,grundkurs,untersuchen,denken,ethisch,philosophie,vernunft
platon,leid,kultur,thematisieren,menschlich,sprachphilosophie,leben,verschieden,zeigen,anregung,artenvielfalt,erfahrung,naturphilosophie,erwerben,ethik,naturwissenschaftlich,inhalt,entwicklung,ideologieideologiekritik,anregung
subjekt,pflicht,bestimmung,menschenbild,rechtsphilosophie,rahmenthema,identität,wert,bedingung,verstehen,entstehung,marx,metaphysik,selbstverständnis,lehrplan,soziologie,einführung,voraussetzung,konsequenz,weltanschauung
norm,prozess,menschenbild,sinn,kommunikation,menschenbilder,biologisch,konkretisierung,entwicklung,darstellung,erkenntnisgewinnung,konsequenz,sachlichkeit,metaphysik,rahmenthema,beantwortung,hobbes,politisch,hinweiseaspektebeispiele,menschenbilder
reflexion,ethik,position,problem,kultur,allgemein,ethisch,philosophisch,einführung,kurshalbjahre,evolutionstheorie,stellen,frage,erkenntnistheorie,konkretisierung,psychologie,politisch,perspektive,behandelt,inhalt
kant,gedicht,bedeutung,weise,geist,gesellschaftlich,bedeutung,moral,perspektive,bezug,rrk,gegenwart,ästhetik,menschlich,menschenbilder,implikation,arbeitsbereiche,sozial,anspruch,mensch
kritisch,medium,staatsphilosophie,gesichtspunkt,staat,diskussion,politisch,angewandte,lehrplan,argumentierend,vorstellung,vergleich,naturalismus,implikation,wahlmodul,vernunft,konzept,folge,rahmenthema,kritik
aristoteles,bedeutung,geschichtsphilosophie,unterschiedlich,politisch,gerechtigkeit,stellen,begriff,grundposition,toleranz,merkmal,phänomen,existentialismus,konstruktivismus,existentialismus,berücksichtigen,arbeit,vorstellung,prinzip,verbindlich
medium,begrifflich,weltbild,modell,religion,politisch,kant,schwerpunkt,zusammenhang,geschichtlich,mensch,fundamentalismus,sprache,sinn,nietzsche,metaphysisch,arbeitsbereichen,prägen,frage,entwicklung
konzept,verschieden,unterrichtsstunden,begründung,grenze,verbindlich,möglichkeit,menschenbilder,geschichte,beginn,morphologisch,soziologie,ideologieideologiekritik,reflexionsbereich,staat,welt,ästhetik,fragestellung,gesellschaft,wirklichkeit
