Topic_1,Topic_2,Topic_3,Topic_4,Topic_5,Topic_6,Topic_7,Topic_8,Topic_9,Topic_10,Topic_11,Topic_12
grenze,handlung,wahrnehmung,gesellschaftlich,gesellschaftlich,bedürfnis,handeln,sexuell,entwicklung,motivieren,sozial,motivation
perspektive,relevanz,psychologie,weise,kulturell,familie,ethisch,situation,sozial,adressat,bedürfnis,kognition
frage,perspektive,sozial,gestaltung,orientierung,aufgabe,bedeutung,typisch,individuell,eingehen,nehmen,angst
stellen,motiv,wissen,regional,ziel,funktion,rolle,gefühl,entwickeln,zustand,beziehung,gedächtnis
sozial,befangenheit,motivation,literatur,fähigkeit,eth,spielen,kulturell,natur,gehören,handeln,funktion
wertvorstellung,sinnestäuschung,bedeutung,lernprozesse,denken,individualität,konzept,möglichkeit,unterschiedlich,gesundheit,fähigkeit,verhalten
akzeptieren,kontext,urteil,zentral,eigenständig,identität,zusammenhang,bindung,wichtig,ausdrücken,kognitiv,lernen
wahrnehmung,frage,wirkung,orientierung,erwerb,rolle,aussage,untersuchen,erhalten,emotionsregulation,unterschiedlich,vielfältig
psychologisch,wahrnehmung,form,sozial,kognitiv,lebensform,angemessen,äußerer,perspektive,äußern,voraussetzung,kommunikation
verschieden,kulturell,kognition,wahrnehmung,vermitteln,wunsch,formulieren,körperlich,bieten,motivationlernbereitschaft,erfassen,wahrnehmung
differenz,sagen,klassenstuf,individuum,sozial,gesellschaftlich,inhalt,denken,wert,selbstwirksamkeit,empathie,chance
anzeige,grenze,verschieden,zusammenhalt,fördern,nennen,konkret,frage,raum,vertrauen,psychisch,verschieden
prozeß,gefühl,medium,engagement,körperlich,vielfalt,konsequenz,unterschied,kooperation,umgeh,wahrnehmungsfähigkeit,problem
berücksichtigen,gesellschaftlich,gruppe,einbettung,lernen,veränderung,naturwissenschaftlich,verbinden,rahmen,bewältigen,gruppe,menschlich
gemeinsamkeit,begriff,vorurteil,bevölkerungsgruppe,kreativ,kritisch,herausforderung,spannungsfeld,kognitiv,aversiv,versetzen,psychisch
handlungsgrundsätz,akzeptieren,lernen,unterrichtsinhalten,systematisch,körperlich,position,friedlich,fördern,belastend,partner,nutzen
kognitiv,differenziert,klinische,tourismusland,alters,information,ausgewählt,faktor,interesse,empathisch,gemeinschaft,prozeß
motivation,vielfalt,kriterium,vielzahl,etc,recherchieren,person,pubertät,lässt,situationsadäquat,gefühl,gefühl
gelenkt,identität,analyse,zukunftsaufgabe,welt,hintergrund,möglichkeit,vorurteil,ermöglichen,erleben,gesellschaft,kognitiv
ideologie,stellen,gesundheitspsychologie,originalität,wissenschaft,internet,wichtig,angst,erwerb,psychisch,stellenwert,berücksichtigen
