Topic_1,Topic_2,Topic_3,Topic_4,Topic_5,Topic_6,Topic_7,Topic_8,Topic_9,Topic_10,Topic_11,Topic_12,Topic_13,Topic_14,Topic_15
religiös,europäisch,mensch,begriff,revolution,politisch,deutsch,verantwortung,herrschaft,inhalt,ethik,verantwortung,mensch,mensch,technik
gewissen,europa,willensfreiheit,lernbereich,französisch,sozial,geschichte,sozial,wahlmodul,reflexionsbereich,verantwortung,gesellschaft,frage,religion,natur
norm,eth,wille,denken,bürgertum,demokratie,revolution,handeln,jahrhundert,fachübergreifend,gerechtigkeit,perspektive,menschlich,handeln,verantwortung
unterschiedlich,staat,negativ,vernunft,europa,gerechtigkeit,wirtschaft,ziel,strukturierend,verantwortung,handeln,leben,anspruch,kommunikation,eth
abhängigkeit,bne,positiv,kant,gewalt,gleichheit,deutschland,individuell,kultur,frage,ethisch,frei,person,versus,gesellschaftlich
wert,individuum,möglichkeit,zusammenhang,bedeutung,politik,kämpfen,zusammenhang,religion,alter,moral,bedürfnis,stellen,verantwortung,mensch
gemeinde,staatlich,handlungsfreiheit,vorstellung,vernunft,demokratisch,einheit,gesellschaftlich,theoriebezug,fachbezoge,menschenwürde,konflikt,voraussetzung,welt,schutz
sozial,teilhabe,ethik,imperativ,konflikt,gesellschaft,national,frage,verbindlich,anregung,mensch,begriff,fähigkeit,medium,möglichkeit
blick,rev,verantwortung,philosophisch,gleichheit,frieden,historisch,ethisch,menschenrecht,biologisch,glück,mensch,diskussion,wahrnehmen,funktion
einzeln,einheit,iii,alltag,verfassung,sicherheit,ddr,digital,verknüpfung,kritik,angewandte,dimension,achtung,entscheidung,anthropologie
gruppe,mitwirkung,frei,pflicht,nationalstaat,menschenrecht,auswirkung,leben,sozialismus,aristoteles,begründung,wunsch,wesen,wert,sozial
weltanschaulich,streben,determination,grundlegend,handeln,verschieden,längsschnitt,spannungsfeld,weg,unterrichtsstunden,wert,handlung,handeln,moralisch,lebensform
pluralität,restauration,allgemein,kompetenzschwerpunkt,folge,solidarität,rechtlich,ökonomisch,wandel,umsetzungshilfe,moralphilosophie,handeln,merkmal,gerechtigkeit,akzeptanz
philosophisch,verantwortung,konkretisierung,gegensatz,gegenwart,grundgesetz,aufstand,menschenwürde,christentum,leitperspektiven,allgemein,gewalt,gott,zusammenleben,nachhaltigkeit
rollenerwartung,kirche,bleiben,inhaltlich,welt,deutschland,protest,grenze,weltanschauung,menschlich,sinn,verschieden,wert,bedeutung,erörtern
weisen,gott,inhaltsbezogene,lebensgestaltung,ursache,marktwirtschaft,widerstand,pflicht,gewaltfreiheit,endlichkeit,utilitarismus,sexualität,verletzen,selbstverständnis,ökologie
bekenntnis,demokratiefähigkeit,begriff,bewusst,grundrecht,entwicklung,kampf,problem,kontinuität,identität,pflichtethik,rolle,mittelpunkt,ethisch,selbstfindung
bedürfen,sichern,einfluß,wahlbereich,identität,bedeutung,insbesondere,fremd,religiös,sprachbildung,prinzip,familie,verhältnis,toleranz,abhängigkeit
verhältnis,mensch,handeln,kantisch,rolle,menschenwürde,ordnungsfunktion,denken,weltreligion,kompetenzerwerb,verantwortungsethik,form,einschränken,begründen,menschenbild
christlich,digitalisierung,unterscheidung,verantwortung,mittelalter,wert,art,situation,ideengeschicht,schuljahrgang,philosophisch,aspekt,menschsein,zusammenhang,nutzen
