Topic_1,Topic_2,Topic_3,Topic_4,Topic_5
entwickeln,lernen,kulturell,politisch,wahrnehmung
position,position,inhalt,sinn,fachlich
toleranz,unterschiedlich,lernen,kulturell,auseinandersetzung
demokratisch,empathie,fremdsprache,sozial,lernprozesse
wert,umgang,setzen,mensch,miteinander
empathie,entwickeln,authentisch,vertreten,reflexion
handeln,fähigkeit,inhaltlich,möglichkeit,verbunden
politisch,wertvorstellung,historisch,unterschiedlich,medium
freiheitlich,arbeit,sozial,formulieren,dialog
grundordnung,vorstellung,ökonomisch,verschieden,kultur
konzept,problem,aufgabe,gestaltung,austausch
kontext,vornehmen,fachspezifisch,einflussnahme,umgang
konflikt,setzen,sprache,handlungsalternative,kulturell
zusammenhang,sozialkompetenz,kommunikation,berücksichtigung,vielfalt
erfahrung,einsetzen,phänomen,berücksichtigen,verstehen
gesellschaft,umzugeh,zunehmend,differenz,gleichaltrig
wertvorstellung,phänomen,betrachten,auseinandersetzung,projekt
interesse,bedürfnis,begreifen,urteil,unterstützen
insbesondere,bereiten,sprachlich,geschlechtsspezifisch,tolerant
sachverhalt,einnehmen,fremdsprachlich,gruppenarbeit,geeignet
