Topic_1,Topic_2,Topic_3,Topic_4,Topic_5,Topic_6,Topic_7,Topic_8,Topic_9,Topic_10
gerechtigkeit,gerechtigkeit,gerechtigkeit,gerechtigkeit,gerechtigkeit,gerechtigkeit,gerechtigkeit,gerecht,gerechtigkeit,politisch
begriff,sozial,gerecht,ethik,gerecht,familie,handeln,position,sozial,sozial
digital,sozialstaat,wert,kompetenz,gesellschaft,hinblick,wert,steinbrück,fachübergreifend,gerecht
kompetenz,freiheit,entscheidung,freiheit,leistung,form,frage,text,bezug,medium
fach,deutschland,moralisch,mensch,problem,verschieden,verantwortung,bedeutung,inhalt,ökonomisch
gerecht,funktion,kriterium,iii,strafe,wert,gerecht,gerechtigkeit,gesellschaft,politik
verantwortung,bedeutung,ungerecht,bezug,gesellschaftlich,erläutern,gut,stärken,wahlbereich,marktwirtschaft
freiheit,armut,erschließen,religion,einzeln,beispiel,norm,philosophisch,lernen,gestalten
formulieren,gesellschaftlich,handeln,verantwortung,global,beschreiben,beurteilen,erkennen,wohlstandsverteilung,bildung
auseinandersetzung,gesellschaft,norm,welt,anspruch,vergleichen,leben,bestimmung,lernbereich,kommunikation
welt,herausforderung,perspektive,moral,grundsatz,bedeutung,verschieden,behandelt,fachbezoge,unterricht
medium,frieden,entwickeln,allgemein,staatlich,leben,zusammenleben,weltreligion,erziehung,konflikt
wissen,welt,basis,bleiben,bewertung,diskutieren,freiheit,fähigkeit,modul,demokratisch
anforderung,rolle,verteilen,frage,inhalt,unterschiedlich,sozial,konzept,sprachbildung,entwicklung
courage,staat,kategorie,fachinterne,begriff,gerecht,analysieren,zeile,umsetzungshilfen,wirtschaftlich
grundlegend,handeln,frage,krieg,struktur,erörtern,mensch,erfordern,interkulturelle,demokratie
beziehung,grundrecht,ethik,angewandte,gesetz,beispielsweise,ökologisch,demokratie,leitperspektiven,unterschiedlich
rahmenplan,ungleichheit,gesetz,leben,modern,achtung,umgang,wissenschaft,rechtserziehung,gesellschaftlich
politisch,grundlage,bereich,glück,überprüfen,menschenrecht,vorstellung,konkret,themenbereich,wirtschaft
ethisch,recht,diskussion,natur,versus,erklären,bewerten,biologisch,aufgabengebiete,fach
